Top Word 1,Top Word 2,Top Word 3,Top Word 4,Top Word 5,Top Word 6,Top Word 7,Top Word 8,Top Word 9,Top Word 10,Top Word 11,Top Word 12,Top Word 13,Top Word 14,Top Word 15
seat,economy,premium,leg,room,front,food,hour,extra,airline,get,service,one,passenger,row
year,many,staff,child,time,one,travel,use,avios,travelling,travelled,family,journey,trip,airline
seat,class,business,get,food,aisle,cabin,first,window,good,one,service,sleep,bed,crew
hour,london,day,time,airport,delay,would,delayed,arrived,heathrow,told,due,late,luggage,one
club,service,class,business,europe,money,staff,product,airline,passenger,economy,seat,food,premium,poor
told,staff,asked,one,would,ck,got,said,get,airport,another,could,day,luggage,time
meal,drink,served,breakfast,food,service,crew,choice,offered,chicken,hour,cabin,snack,dinner,economy
seat,would,time,plane,old,crew,ck,cabin,staff,fly,screen,got,didnt,passenger,entertainment
boarding,time,seat,drink,lounge,check,crew,checkin,quick,security,service,good,minute,full,food
plane,hour,water,one,food,check,drink,bottle,people,queue,return,time,passenger,ck,crew
airline,customer,service,heathrow,london,even,staff,luggage,connecting,make,via,never,get,review,dont
seat,crew,cabin,food,good,aircraft,entertainment,london,world,excellent,service,comfortable,time,system,new
passenger,crew,boarding,minute,cabin,gate,late,aircraft,delay,bus,ground,hour,board,delayed,service
haul,airline,london,long,short,time,low,cost,carrier,food,price,return,seat,service,free
class,business,lounge,food,first,seat,economy,london,poor,choice,time,gatwick,heathrow,meal,option
seat,paid,extra,would,check,service,pay,could,one,together,even,cost,middle,available,charge
customer,call,refund,service,booked,phone,cancelled,get,ticket,email,booking,day,called,number,told
good,food,comfortable,time,crew,service,heathrow,seat,friendly,london,nice,cabin,great,drink,excellent
first,club,lounge,crew,service,food,cabin,good,class,world,time,excellent,new,champagne,well
airline,service,review,verified,food,year,london,heathrow,cabin,budget,price,fly,time,even,like
